pickup_hour,total_trips,avg_fare,total_fare_revenue
17,204963,17.31,3547704.38
16,188772,18.75,3539337.2
15,187090,18.69,3496470.52
18,204062,16.31,3327402.48
14,177758,18.62,3309772.02
13,164983,18.02,2973113.49
19,172660,16.99,2933817.3
21,159597,17.92,2860488.74
20,155985,17.69,2758844.5
12,156259,17.49,2733469
11,144004,17.21,2477932.96
22,132458,18.45,2443407.5
10,132907,17.36,2307394.74
9,122018,17.08,2084500.89
23,92797,19.52,1811131.32
8,105785,16.96,1794478.66
7,73794,18.48,1363420.9
0,63919,19.05,1217965.88
6,34387,21.49,738909.79
1,42916,17.07,732545.18
2,28899,16.1,465248.99
5,14917,27.04,403313.08
3,18664,17.14,319890.24
4,11944,23.19,277002.98
